SCAN,ADDRESS,TIMESTAMP,UUID,MAJOR,MINOR,TX POWER,RSSI,SAFE_DISTANCE
0,DC:A6:32:2C:42:BC,2020-07-12 00:44:58.632023,8b38b4b8-c572-11ea-a082-dca6322c42bb,1,1,1,-65,0
1,DC:A6:32:2C:42:BC,2020-07-12 00:44:59.130139,8b38b4b8-c572-11ea-a082-dca6322c42bb,1,1,1,-69,0
4,DC:A6:32:2C:42:BC,2020-07-12 00:45:00.051683,8b38b4b8-c572-11ea-a082-dca6322c42bb,1,1,1,-64,0
5,DC:A6:32:2C:42:BC,2020-07-12 00:45:01.150621,8b38b4b8-c572-11ea-a082-dca6322c42bb,1,1,1,-61,0
7,DC:A6:32:2C:42:BC,2020-07-12 00:45:02.015703,8b38b4b8-c572-11ea-a082-dca6322c42bb,1,1,1,-76,0
10,DC:A6:32:2C:42:BC,2020-07-12 00:45:03.066102,8b38b4b8-c572-11ea-a082-dca6322c42bb,1,1,1,-68,0
11,DC:A6:32:2C:42:BC,2020-07-12 00:45:04.350576,8b38b4b8-c572-11ea-a082-dca6322c42bb,1,1,1,-65,0
13,DC:A6:32:2C:42:BC,2020-07-12 00:45:05.354281,8b38b4b8-c572-11ea-a082-dca6322c42bb,1,1,1,-47,0
15,DC:A6:32:2C:42:BC,2020-07-12 00:45:06.039267,8b38b4b8-c572-11ea-a082-dca6322c42bb,1,1,1,-50,0
17,DC:A6:32:2C:42:BC,2020-07-12 00:45:07.016301,8b38b4b8-c572-11ea-a082-dca6322c42bb,1,1,1,-66,0
19,DC:A6:32:2C:42:BC,2020-07-12 00:45:08.091832,8b38b4b8-c572-11ea-a082-dca6322c42bb,1,1,1,-51,0
21,DC:A6:32:2C:42:BC,2020-07-12 00:45:09.343082,8b38b4b8-c572-11ea-a082-dca6322c42bb,1,1,1,-60,0
22,DC:A6:32:2C:42:BC,2020-07-12 00:45:10.236872,8b38b4b8-c572-11ea-a082-dca6322c42bb,1,1,1,-56,0
23,DC:A6:32:2C:42:BC,2020-07-12 00:45:11.013110,8b38b4b8-c572-11ea-a082-dca6322c42bb,1,1,1,-64,0
24,DC:A6:32:2C:42:BC,2020-07-12 00:45:12.040717,8b38b4b8-c572-11ea-a082-dca6322c42bb,1,1,1,-58,0
25,DC:A6:32:2C:42:BC,2020-07-12 00:45:13.039990,8b38b4b8-c572-11ea-a082-dca6322c42bb,1,1,1,-52,0
26,DC:A6:32:2C:42:BC,2020-07-12 00:45:14.081815,8b38b4b8-c572-11ea-a082-dca6322c42bb,1,1,1,-63,0
27,DC:A6:32:2C:42:BC,2020-07-12 00:45:15.011883,8b38b4b8-c572-11ea-a082-dca6322c42bb,1,1,1,-50,0
28,DC:A6:32:2C:42:BC,2020-07-12 00:45:16.073141,8b38b4b8-c572-11ea-a082-dca6322c42bb,1,1,1,-43,0
29,DC:A6:32:2C:42:BC,2020-07-12 00:45:17.158234,8b38b4b8-c572-11ea-a082-dca6322c42bb,1,1,1,-45,0
31,DC:A6:32:2C:42:BC,2020-07-12 00:45:18.006245,8b38b4b8-c572-11ea-a082-dca6322c42bb,1,1,1,-50,0
33,DC:A6:32:2C:42:BC,2020-07-12 00:45:19.055002,8b38b4b8-c572-11ea-a082-dca6322c42bb,1,1,1,-50,0
34,DC:A6:32:2C:42:BC,2020-07-12 00:45:20.010007,8b38b4b8-c572-11ea-a082-dca6322c42bb,1,1,1,-48,0
35,DC:A6:32:2C:42:BC,2020-07-12 00:45:21.021267,8b38b4b8-c572-11ea-a082-dca6322c42bb,1,1,1,-45,0
36,DC:A6:32:2C:42:BC,2020-07-12 00:45:22.457464,8b38b4b8-c572-11ea-a082-dca6322c42bb,1,1,1,-55,0
39,DC:A6:32:2C:42:BC,2020-07-12 00:45:23.235782,8b38b4b8-c572-11ea-a082-dca6322c42bb,1,1,1,-53,0
40,DC:A6:32:2C:42:BC,2020-07-12 00:45:24.074529,8b38b4b8-c572-11ea-a082-dca6322c42bb,1,1,1,-60,0
41,DC:A6:32:2C:42:BC,2020-07-12 00:45:25.017011,8b38b4b8-c572-11ea-a082-dca6322c42bb,1,1,1,-58,0
44,DC:A6:32:2C:42:BC,2020-07-12 00:45:26.145880,8b38b4b8-c572-11ea-a082-dca6322c42bb,1,1,1,-59,0
46,DC:A6:32:2C:42:BC,2020-07-12 00:45:27.048327,8b38b4b8-c572-11ea-a082-dca6322c42bb,1,1,1,-58,0
47,DC:A6:32:2C:42:BC,2020-07-12 00:45:28.243692,8b38b4b8-c572-11ea-a082-dca6322c42bb,1,1,1,-67,0
49,DC:A6:32:2C:42:BC,2020-07-12 00:45:29.155852,8b38b4b8-c572-11ea-a082-dca6322c42bb,1,1,1,-59,0
52,DC:A6:32:2C:42:BC,2020-07-12 00:45:30.254594,8b38b4b8-c572-11ea-a082-dca6322c42bb,1,1,1,-57,0
53,DC:A6:32:2C:42:BC,2020-07-12 00:45:31.064623,8b38b4b8-c572-11ea-a082-dca6322c42bb,1,1,1,-54,0
54,DC:A6:32:2C:42:BC,2020-07-12 00:45:32.051005,8b38b4b8-c572-11ea-a082-dca6322c42bb,1,1,1,-48,0
55,DC:A6:32:2C:42:BC,2020-07-12 00:45:33.213360,8b38b4b8-c572-11ea-a082-dca6322c42bb,1,1,1,-53,0
56,DC:A6:32:2C:42:BC,2020-07-12 00:45:34.010866,8b38b4b8-c572-11ea-a082-dca6322c42bb,1,1,1,-56,0
57,DC:A6:32:2C:42:BC,2020-07-12 00:45:35.043469,8b38b4b8-c572-11ea-a082-dca6322c42bb,1,1,1,-49,0
58,DC:A6:32:2C:42:BC,2020-07-12 00:45:36.137167,8b38b4b8-c572-11ea-a082-dca6322c42bb,1,1,1,-43,0
60,DC:A6:32:2C:42:BC,2020-07-12 00:45:37.006583,8b38b4b8-c572-11ea-a082-dca6322c42bb,1,1,1,-49,0
61,DC:A6:32:2C:42:BC,2020-07-12 00:45:38.145954,8b38b4b8-c572-11ea-a082-dca6322c42bb,1,1,1,-45,0
62,DC:A6:32:2C:42:BC,2020-07-12 00:45:39.046513,8b38b4b8-c572-11ea-a082-dca6322c42bb,1,1,1,-43,0
64,DC:A6:32:2C:42:BC,2020-07-12 00:45:40.029680,8b38b4b8-c572-11ea-a082-dca6322c42bb,1,1,1,-51,0
66,DC:A6:32:2C:42:BC,2020-07-12 00:45:41.180957,8b38b4b8-c572-11ea-a082-dca6322c42bb,1,1,1,-60,0
67,DC:A6:32:2C:42:BC,2020-07-12 00:45:42.013647,8b38b4b8-c572-11ea-a082-dca6322c42bb,1,1,1,-56,0
68,DC:A6:32:2C:42:BC,2020-07-12 00:45:43.230971,8b38b4b8-c572-11ea-a082-dca6322c42bb,1,1,1,-63,0
71,DC:A6:32:2C:42:BC,2020-07-12 00:45:44.154738,8b38b4b8-c572-11ea-a082-dca6322c42bb,1,1,1,-50,0
72,DC:A6:32:2C:42:BC,2020-07-12 00:45:45.052301,8b38b4b8-c572-11ea-a082-dca6322c42bb,1,1,1,-47,0
74,DC:A6:32:2C:42:BC,2020-07-12 00:45:46.246063,8b38b4b8-c572-11ea-a082-dca6322c42bb,1,1,1,-44,0
75,DC:A6:32:2C:42:BC,2020-07-12 00:45:47.081093,8b38b4b8-c572-11ea-a082-dca6322c42bb,1,1,1,-47,0
76,DC:A6:32:2C:42:BC,2020-07-12 00:45:48.064843,8b38b4b8-c572-11ea-a082-dca6322c42bb,1,1,1,-46,0
78,DC:A6:32:2C:42:BC,2020-07-12 00:45:49.054823,8b38b4b8-c572-11ea-a082-dca6322c42bb,1,1,1,-58,0
81,DC:A6:32:2C:42:BC,2020-07-12 00:45:50.283584,8b38b4b8-c572-11ea-a082-dca6322c42bb,1,1,1,-65,0
82,DC:A6:32:2C:42:BC,2020-07-12 00:45:51.294822,8b38b4b8-c572-11ea-a082-dca6322c42bb,1,1,1,-62,0
85,DC:A6:32:2C:42:BC,2020-07-12 00:45:52.137464,8b38b4b8-c572-11ea-a082-dca6322c42bb,1,1,1,-54,0
86,DC:A6:32:2C:42:BC,2020-07-12 00:45:53.063669,8b38b4b8-c572-11ea-a082-dca6322c42bb,1,1,1,-50,0
88,DC:A6:32:2C:42:BC,2020-07-12 00:45:54.193711,8b38b4b8-c572-11ea-a082-dca6322c42bb,1,1,1,-57,0
90,DC:A6:32:2C:42:BC,2020-07-12 00:45:55.074898,8b38b4b8-c572-11ea-a082-dca6322c42bb,1,1,1,-58,0
91,DC:A6:32:2C:42:BC,2020-07-12 00:45:56.170015,8b38b4b8-c572-11ea-a082-dca6322c42bb,1,1,1,-64,0
94,DC:A6:32:2C:42:BC,2020-07-12 00:45:57.086226,8b38b4b8-c572-11ea-a082-dca6322c42bb,1,1,1,-58,0
95,DC:A6:32:2C:42:BC,2020-07-12 00:45:58.073742,8b38b4b8-c572-11ea-a082-dca6322c42bb,1,1,1,-56,0
0,DC:A6:32:2C:42:BC,2020-07-14 20:10:43.616371,b789e1be-c648-11ea-b22f-dca6322c42bb,1,1,1,-53,0
1,DC:A6:32:2C:42:BC,2020-07-14 20:10:44.423893,b789e1be-c648-11ea-b22f-dca6322c42bb,1,1,1,-54,0
2,DC:A6:32:2C:42:BC,2020-07-14 20:10:45.033925,b789e1be-c648-11ea-b22f-dca6322c42bb,1,1,1,-55,0
3,DC:A6:32:2C:42:BC,2020-07-14 20:10:46.088904,b789e1be-c648-11ea-b22f-dca6322c42bb,1,1,1,-51,0
4,DC:A6:32:2C:42:BC,2020-07-14 20:10:47.771419,b789e1be-c648-11ea-b22f-dca6322c42bb,1,1,1,-43,0
5,DC:A6:32:2C:42:BC,2020-07-14 20:10:48.026455,b789e1be-c648-11ea-b22f-dca6322c42bb,1,1,1,-45,0
6,DC:A6:32:2C:42:BC,2020-07-14 20:10:49.885339,b789e1be-c648-11ea-b22f-dca6322c42bb,1,1,1,-44,0
7,DC:A6:32:2C:42:BC,2020-07-14 20:10:50.011505,b789e1be-c648-11ea-b22f-dca6322c42bb,1,1,1,-48,0
8,DC:A6:32:2C:42:BC,2020-07-14 20:10:51.890307,b789e1be-c648-11ea-b22f-dca6322c42bb,1,1,1,-45,0
9,DC:A6:32:2C:42:BC,2020-07-14 20:10:52.006488,b789e1be-c648-11ea-b22f-dca6322c42bb,1,1,1,-53,0
10,DC:A6:32:2C:42:BC,2020-07-14 20:10:54.014064,b789e1be-c648-11ea-b22f-dca6322c42bb,1,1,1,-62,0
11,DC:A6:32:2C:42:BC,2020-07-14 20:10:55.895476,b789e1be-c648-11ea-b22f-dca6322c42bb,1,1,1,-72,0
12,DC:A6:32:2C:42:BC,2020-07-14 20:10:56.006603,b789e1be-c648-11ea-b22f-dca6322c42bb,1,1,1,-64,0
13,DC:A6:32:2C:42:BC,2020-07-14 20:10:57.278008,b789e1be-c648-11ea-b22f-dca6322c42bb,1,1,1,-71,0
14,DC:A6:32:2C:42:BC,2020-07-14 20:10:58.094186,b789e1be-c648-11ea-b22f-dca6322c42bb,1,1,1,-74,0
15,DC:A6:32:2C:42:BC,2020-07-14 20:10:59.896733,b789e1be-c648-11ea-b22f-dca6322c42bb,1,1,1,-61,0
16,DC:A6:32:2C:42:BC,2020-07-14 20:11:00.031043,b789e1be-c648-11ea-b22f-dca6322c42bb,1,1,1,-62,0
17,DC:A6:32:2C:42:BC,2020-07-14 20:11:01.423299,b789e1be-c648-11ea-b22f-dca6322c42bb,1,1,1,-63,0
18,DC:A6:32:2C:42:BC,2020-07-14 20:11:02.093192,b789e1be-c648-11ea-b22f-dca6322c42bb,1,1,1,-62,0
19,DC:A6:32:2C:42:BC,2020-07-14 20:11:03.104402,b789e1be-c648-11ea-b22f-dca6322c42bb,1,1,1,-56,0
20,DC:A6:32:2C:42:BC,2020-07-14 20:11:04.136916,b789e1be-c648-11ea-b22f-dca6322c42bb,1,1,1,-45,0
21,DC:A6:32:2C:42:BC,2020-07-14 20:11:05.899434,b789e1be-c648-11ea-b22f-dca6322c42bb,1,1,1,-46,0
22,DC:A6:32:2C:42:BC,2020-07-14 20:11:06.009334,b789e1be-c648-11ea-b22f-dca6322c42bb,1,1,1,-53,0
23,DC:A6:32:2C:42:BC,2020-07-14 20:11:07.902012,b789e1be-c648-11ea-b22f-dca6322c42bb,1,1,1,-58,0
24,DC:A6:32:2C:42:BC,2020-07-14 20:11:08.031932,b789e1be-c648-11ea-b22f-dca6322c42bb,1,1,1,-52,0
25,DC:A6:32:2C:42:BC,2020-07-14 20:11:09.306988,b789e1be-c648-11ea-b22f-dca6322c42bb,1,1,1,-82,0
26,DC:A6:32:2C:42:BC,2020-07-14 20:11:10.046971,b789e1be-c648-11ea-b22f-dca6322c42bb,1,1,1,-67,0
27,DC:A6:32:2C:42:BC,2020-07-14 20:11:12.052046,b789e1be-c648-11ea-b22f-dca6322c42bb,1,1,1,-57,0
28,DC:A6:32:2C:42:BC,2020-07-14 20:11:13.907800,b789e1be-c648-11ea-b22f-dca6322c42bb,1,1,1,-57,0
29,DC:A6:32:2C:42:BC,2020-07-14 20:11:14.072732,b789e1be-c648-11ea-b22f-dca6322c42bb,1,1,1,-57,0
30,DC:A6:32:2C:42:BC,2020-07-14 20:11:15.284648,b789e1be-c648-11ea-b22f-dca6322c42bb,1,1,1,-57,0
31,DC:A6:32:2C:42:BC,2020-07-14 20:11:17.015908,b789e1be-c648-11ea-b22f-dca6322c42bb,1,1,1,-47,0
32,DC:A6:32:2C:42:BC,2020-07-14 20:11:18.273426,b789e1be-c648-11ea-b22f-dca6322c42bb,1,1,1,-64,0
33,DC:A6:32:2C:42:BC,2020-07-14 20:11:19.186980,b789e1be-c648-11ea-b22f-dca6322c42bb,1,1,1,-63,0
34,DC:A6:32:2C:42:BC,2020-07-14 20:11:20.262313,b789e1be-c648-11ea-b22f-dca6322c42bb,1,1,1,-57,0
35,DC:A6:32:2C:42:BC,2020-07-14 20:11:21.244125,b789e1be-c648-11ea-b22f-dca6322c42bb,1,1,1,-64,0
36,DC:A6:32:2C:42:BC,2020-07-14 20:11:22.214798,b789e1be-c648-11ea-b22f-dca6322c42bb,1,1,1,-74,0
37,DC:A6:32:2C:42:BC,2020-07-14 20:11:23.134134,b789e1be-c648-11ea-b22f-dca6322c42bb,1,1,1,-68,0
38,DC:A6:32:2C:42:BC,2020-07-14 20:11:24.407426,b789e1be-c648-11ea-b22f-dca6322c42bb,1,1,1,-57,0
39,DC:A6:32:2C:42:BC,2020-07-14 20:11:26.007916,b789e1be-c648-11ea-b22f-dca6322c42bb,1,1,1,-54,0
40,DC:A6:32:2C:42:BC,2020-07-14 20:11:27.363644,b789e1be-c648-11ea-b22f-dca6322c42bb,1,1,1,-54,0
41,DC:A6:32:2C:42:BC,2020-07-14 20:11:28.649253,b789e1be-c648-11ea-b22f-dca6322c42bb,1,1,1,-59,0
42,DC:A6:32:2C:42:BC,2020-07-14 20:11:29.121751,b789e1be-c648-11ea-b22f-dca6322c42bb,1,1,1,-58,0
43,DC:A6:32:2C:42:BC,2020-07-14 20:11:31.123781,b789e1be-c648-11ea-b22f-dca6322c42bb,1,1,1,-67,0
44,DC:A6:32:2C:42:BC,2020-07-14 20:11:32.031405,b789e1be-c648-11ea-b22f-dca6322c42bb,1,1,1,-62,0
45,DC:A6:32:2C:42:BC,2020-07-14 20:11:33.918838,b789e1be-c648-11ea-b22f-dca6322c42bb,1,1,1,-59,0
46,DC:A6:32:2C:42:BC,2020-07-14 20:11:34.003743,b789e1be-c648-11ea-b22f-dca6322c42bb,1,1,1,-64,0
47,DC:A6:32:2C:42:BC,2020-07-14 20:11:35.083830,b789e1be-c648-11ea-b22f-dca6322c42bb,1,1,1,-56,0
48,DC:A6:32:2C:42:BC,2020-07-14 20:11:36.369452,b789e1be-c648-11ea-b22f-dca6322c42bb,1,1,1,-55,0
49,DC:A6:32:2C:42:BC,2020-07-14 20:11:37.036396,b789e1be-c648-11ea-b22f-dca6322c42bb,1,1,1,-60,0
50,DC:A6:32:2C:42:BC,2020-07-14 20:11:38.018271,b789e1be-c648-11ea-b22f-dca6322c42bb,1,1,1,-56,0
51,DC:A6:32:2C:42:BC,2020-07-14 20:11:39.926584,b789e1be-c648-11ea-b22f-dca6322c42bb,1,1,1,-60,0
52,DC:A6:32:2C:42:BC,2020-07-14 20:11:40.009539,b789e1be-c648-11ea-b22f-dca6322c42bb,1,1,1,-56,0
53,DC:A6:32:2C:42:BC,2020-07-14 20:11:41.926512,b789e1be-c648-11ea-b22f-dca6322c42bb,1,1,1,-60,0
54,DC:A6:32:2C:42:BC,2020-07-14 20:11:42.008329,b789e1be-c648-11ea-b22f-dca6322c42bb,1,1,1,-68,0
0,DC:A6:32:2C:42:BC,2020-07-14 23:02:17.645880,6b14b132-c65d-11ea-8d8d-dca6322c42bb,1,1,1,-74,0
1,DC:A6:32:2C:42:BC,2020-07-14 23:02:18.003386,6b14b132-c65d-11ea-8d8d-dca6322c42bb,1,1,1,-70,0
2,DC:A6:32:2C:42:BC,2020-07-14 23:02:19.312474,6b14b132-c65d-11ea-8d8d-dca6322c42bb,1,1,1,-58,0
3,DC:A6:32:2C:42:BC,2020-07-14 23:02:20.083723,6b14b132-c65d-11ea-8d8d-dca6322c42bb,1,1,1,-56,0
4,DC:A6:32:2C:42:BC,2020-07-14 23:02:22.086188,6b14b132-c65d-11ea-8d8d-dca6322c42bb,1,1,1,-74,0
5,DC:A6:32:2C:42:BC,2020-07-14 23:02:24.086253,6b14b132-c65d-11ea-8d8d-dca6322c42bb,1,1,1,-53,0
6,DC:A6:32:2C:42:BC,2020-07-14 23:02:25.651231,6b14b132-c65d-11ea-8d8d-dca6322c42bb,1,1,1,-54,0
7,DC:A6:32:2C:42:BC,2020-07-14 23:02:26.064932,6b14b132-c65d-11ea-8d8d-dca6322c42bb,1,1,1,-60,0
8,DC:A6:32:2C:42:BC,2020-07-14 23:02:27.030564,6b14b132-c65d-11ea-8d8d-dca6322c42bb,1,1,1,-65,0
9,DC:A6:32:2C:42:BC,2020-07-14 23:02:28.602474,6b14b132-c65d-11ea-8d8d-dca6322c42bb,1,1,1,-63,0
10,DC:A6:32:2C:42:BC,2020-07-14 23:02:29.136193,6b14b132-c65d-11ea-8d8d-dca6322c42bb,1,1,1,-70,0
11,DC:A6:32:2C:42:BC,2020-07-14 23:02:30.088796,6b14b132-c65d-11ea-8d8d-dca6322c42bb,1,1,1,-69,0
12,DC:A6:32:2C:42:BC,2020-07-14 23:02:31.367515,6b14b132-c65d-11ea-8d8d-dca6322c42bb,1,1,1,-66,0
13,DC:A6:32:2C:42:BC,2020-07-14 23:02:32.092479,6b14b132-c65d-11ea-8d8d-dca6322c42bb,1,1,1,-64,0
14,DC:A6:32:2C:42:BC,2020-07-14 23:02:33.466241,6b14b132-c65d-11ea-8d8d-dca6322c42bb,1,1,1,-64,0
15,DC:A6:32:2C:42:BC,2020-07-14 23:02:34.096244,6b14b132-c65d-11ea-8d8d-dca6322c42bb,1,1,1,-67,0
16,DC:A6:32:2C:42:BC,2020-07-14 23:02:36.096351,6b14b132-c65d-11ea-8d8d-dca6322c42bb,1,1,1,-50,0
17,DC:A6:32:2C:42:BC,2020-07-14 23:02:37.326290,6b14b132-c65d-11ea-8d8d-dca6322c42bb,1,1,1,-62,0
18,DC:A6:32:2C:42:BC,2020-07-14 23:02:38.098811,6b14b132-c65d-11ea-8d8d-dca6322c42bb,1,1,1,-59,0
19,DC:A6:32:2C:42:BC,2020-07-14 23:02:40.103858,6b14b132-c65d-11ea-8d8d-dca6322c42bb,1,1,1,-60,0
20,DC:A6:32:2C:42:BC,2020-07-14 23:02:41.076467,6b14b132-c65d-11ea-8d8d-dca6322c42bb,1,1,1,-65,0
21,DC:A6:32:2C:42:BC,2020-07-14 23:02:42.105179,6b14b132-c65d-11ea-8d8d-dca6322c42bb,1,1,1,-72,0
22,DC:A6:32:2C:42:BC,2020-07-14 23:02:43.024497,6b14b132-c65d-11ea-8d8d-dca6322c42bb,1,1,1,-74,0
23,DC:A6:32:2C:42:BC,2020-07-14 23:02:44.105071,6b14b132-c65d-11ea-8d8d-dca6322c42bb,1,1,1,-73,0
24,DC:A6:32:2C:42:BC,2020-07-14 23:02:46.106369,6b14b132-c65d-11ea-8d8d-dca6322c42bb,1,1,1,-45,0
25,DC:A6:32:2C:42:BC,2020-07-14 23:02:48.107663,6b14b132-c65d-11ea-8d8d-dca6322c42bb,1,1,1,-75,0
26,DC:A6:32:2C:42:BC,2020-07-14 23:02:50.012670,6b14b132-c65d-11ea-8d8d-dca6322c42bb,1,1,1,-63,0
27,DC:A6:32:2C:42:BC,2020-07-14 23:02:52.017701,6b14b132-c65d-11ea-8d8d-dca6322c42bb,1,1,1,-79,0
28,DC:A6:32:2C:42:BC,2020-07-14 23:02:54.022714,6b14b132-c65d-11ea-8d8d-dca6322c42bb,1,1,1,-79,0
29,DC:A6:32:2C:42:BC,2020-07-14 23:02:55.965208,6b14b132-c65d-11ea-8d8d-dca6322c42bb,1,1,1,-62,0
30,DC:A6:32:2C:42:BC,2020-07-14 23:02:56.007622,6b14b132-c65d-11ea-8d8d-dca6322c42bb,1,1,1,-68,0
31,DC:A6:32:2C:42:BC,2020-07-14 23:02:57.258290,6b14b132-c65d-11ea-8d8d-dca6322c42bb,1,1,1,-57,0
32,DC:A6:32:2C:42:BC,2020-07-14 23:02:58.116435,6b14b132-c65d-11ea-8d8d-dca6322c42bb,1,1,1,-68,0
33,DC:A6:32:2C:42:BC,2020-07-14 23:02:59.212063,6b14b132-c65d-11ea-8d8d-dca6322c42bb,1,1,1,-71,0
34,DC:A6:32:2C:42:BC,2020-07-14 23:03:00.118498,6b14b132-c65d-11ea-8d8d-dca6322c42bb,1,1,1,-75,0
35,DC:A6:32:2C:42:BC,2020-07-14 23:03:01.581709,6b14b132-c65d-11ea-8d8d-dca6322c42bb,1,1,1,-71,0
36,DC:A6:32:2C:42:BC,2020-07-14 23:03:02.124041,6b14b132-c65d-11ea-8d8d-dca6322c42bb,1,1,1,-76,0
37,DC:A6:32:2C:42:BC,2020-07-14 23:03:03.076574,6b14b132-c65d-11ea-8d8d-dca6322c42bb,1,1,1,-81,0
38,DC:A6:32:2C:42:BC,2020-07-14 23:03:04.248612,6b14b132-c65d-11ea-8d8d-dca6322c42bb,1,1,1,-74,0
39,DC:A6:32:2C:42:BC,2020-07-14 23:03:05.066552,6b14b132-c65d-11ea-8d8d-dca6322c42bb,1,1,1,-77,0
40,DC:A6:32:2C:42:BC,2020-07-14 23:03:06.125367,6b14b132-c65d-11ea-8d8d-dca6322c42bb,1,1,1,-79,0
41,DC:A6:32:2C:42:BC,2020-07-14 23:03:07.294064,6b14b132-c65d-11ea-8d8d-dca6322c42bb,1,1,1,-72,0
42,DC:A6:32:2C:42:BC,2020-07-14 23:03:08.126537,6b14b132-c65d-11ea-8d8d-dca6322c42bb,1,1,1,-75,0
43,DC:A6:32:2C:42:BC,2020-07-14 23:03:10.127796,6b14b132-c65d-11ea-8d8d-dca6322c42bb,1,1,1,-75,0
44,DC:A6:32:2C:42:BC,2020-07-14 23:03:12.132883,6b14b132-c65d-11ea-8d8d-dca6322c42bb,1,1,1,-82,0
45,DC:A6:32:2C:42:BC,2020-07-14 23:03:13.271566,6b14b132-c65d-11ea-8d8d-dca6322c42bb,1,1,1,-69,0
46,DC:A6:32:2C:42:BC,2020-07-14 23:03:14.185320,6b14b132-c65d-11ea-8d8d-dca6322c42bb,1,1,1,-67,0
47,DC:A6:32:2C:42:BC,2020-07-14 23:03:16.190411,6b14b132-c65d-11ea-8d8d-dca6322c42bb,1,1,1,-70,0
48,DC:A6:32:2C:42:BC,2020-07-14 23:03:17.045352,6b14b132-c65d-11ea-8d8d-dca6322c42bb,1,1,1,-71,0
0,DC:A6:32:2C:42:BC,2020-07-14 23:13:00.579626,b8ca6282-c662-11ea-8805-dca6322c42bb,1,1,1,-57,0
1,DC:A6:32:2C:42:BC,2020-07-14 23:13:01.096957,b8ca6282-c662-11ea-8805-dca6322c42bb,1,1,1,-54,0
2,DC:A6:32:2C:42:BC,2020-07-14 23:13:02.098105,b8ca6282-c662-11ea-8805-dca6322c42bb,1,1,1,-58,0
3,DC:A6:32:2C:42:BC,2020-07-14 23:13:03.404349,b8ca6282-c662-11ea-8805-dca6322c42bb,1,1,1,-62,0
4,DC:A6:32:2C:42:BC,2020-07-14 23:13:04.054341,b8ca6282-c662-11ea-8805-dca6322c42bb,1,1,1,-65,0
5,DC:A6:32:2C:42:BC,2020-07-14 23:13:05.433346,b8ca6282-c662-11ea-8805-dca6322c42bb,1,1,1,-72,0
6,DC:A6:32:2C:42:BC,2020-07-14 23:13:06.040788,b8ca6282-c662-11ea-8805-dca6322c42bb,1,1,1,-71,0
7,DC:A6:32:2C:42:BC,2020-07-14 23:13:07.078802,b8ca6282-c662-11ea-8805-dca6322c42bb,1,1,1,-71,0
8,DC:A6:32:2C:42:BC,2020-07-14 23:13:08.029434,b8ca6282-c662-11ea-8805-dca6322c42bb,1,1,1,-71,0
9,DC:A6:32:2C:42:BC,2020-07-14 23:13:09.073194,b8ca6282-c662-11ea-8805-dca6322c42bb,1,1,1,-60,0
10,DC:A6:32:2C:42:BC,2020-07-14 23:13:10.123256,b8ca6282-c662-11ea-8805-dca6322c42bb,1,1,1,-61,0
11,DC:A6:32:2C:42:BC,2020-07-14 23:13:11.123262,b8ca6282-c662-11ea-8805-dca6322c42bb,1,1,1,-62,0
12,DC:A6:32:2C:42:BC,2020-07-14 23:13:12.007043,b8ca6282-c662-11ea-8805-dca6322c42bb,1,1,1,-63,0
13,DC:A6:32:2C:42:BC,2020-07-14 23:13:13.038818,b8ca6282-c662-11ea-8805-dca6322c42bb,1,1,1,-61,0
14,DC:A6:32:2C:42:BC,2020-07-14 23:13:14.138231,b8ca6282-c662-11ea-8805-dca6322c42bb,1,1,1,-55,0
15,DC:A6:32:2C:42:BC,2020-07-14 23:13:15.172179,b8ca6282-c662-11ea-8805-dca6322c42bb,1,1,1,-54,0
16,DC:A6:32:2C:42:BC,2020-07-14 23:13:16.023265,b8ca6282-c662-11ea-8805-dca6322c42bb,1,1,1,-64,0
17,DC:A6:32:2C:42:BC,2020-07-14 23:13:17.149642,b8ca6282-c662-11ea-8805-dca6322c42bb,1,1,1,-72,0
18,DC:A6:32:2C:42:BC,2020-07-14 23:13:18.029597,b8ca6282-c662-11ea-8805-dca6322c42bb,1,1,1,-71,0
19,DC:A6:32:2C:42:BC,2020-07-14 23:13:19.098285,b8ca6282-c662-11ea-8805-dca6322c42bb,1,1,1,-74,0
20,DC:A6:32:2C:42:BC,2020-07-14 23:13:20.060337,b8ca6282-c662-11ea-8805-dca6322c42bb,1,1,1,-68,0
21,DC:A6:32:2C:42:BC,2020-07-14 23:13:21.035864,b8ca6282-c662-11ea-8805-dca6322c42bb,1,1,1,-62,0
22,DC:A6:32:2C:42:BC,2020-07-14 23:13:22.014660,b8ca6282-c662-11ea-8805-dca6322c42bb,1,1,1,-62,0
23,DC:A6:32:2C:42:BC,2020-07-14 23:13:23.228417,b8ca6282-c662-11ea-8805-dca6322c42bb,1,1,1,-63,0
24,DC:A6:32:2C:42:BC,2020-07-14 23:13:24.188367,b8ca6282-c662-11ea-8805-dca6322c42bb,1,1,1,-64,0
25,DC:A6:32:2C:42:BC,2020-07-14 23:13:25.112305,b8ca6282-c662-11ea-8805-dca6322c42bb,1,1,1,-76,0
26,DC:A6:32:2C:42:BC,2020-07-14 23:13:26.067174,b8ca6282-c662-11ea-8805-dca6322c42bb,1,1,1,-62,0
27,DC:A6:32:2C:42:BC,2020-07-14 23:13:27.053400,b8ca6282-c662-11ea-8805-dca6322c42bb,1,1,1,-64,0
28,DC:A6:32:2C:42:BC,2020-07-14 23:13:28.180327,b8ca6282-c662-11ea-8805-dca6322c42bb,1,1,1,-62,0
29,DC:A6:32:2C:42:BC,2020-07-14 23:13:29.075988,b8ca6282-c662-11ea-8805-dca6322c42bb,1,1,1,-67,0
30,DC:A6:32:2C:42:BC,2020-07-14 23:13:30.188749,b8ca6282-c662-11ea-8805-dca6322c42bb,1,1,1,-66,0
31,DC:A6:32:2C:42:BC,2020-07-14 23:13:31.113507,b8ca6282-c662-11ea-8805-dca6322c42bb,1,1,1,-71,0
32,DC:A6:32:2C:42:BC,2020-07-14 23:13:32.197220,b8ca6282-c662-11ea-8805-dca6322c42bb,1,1,1,-70,0
33,DC:A6:32:2C:42:BC,2020-07-14 23:13:33.214715,b8ca6282-c662-11ea-8805-dca6322c42bb,1,1,1,-61,0
34,DC:A6:32:2C:42:BC,2020-07-14 23:13:34.213943,b8ca6282-c662-11ea-8805-dca6322c42bb,1,1,1,-52,0
35,DC:A6:32:2C:42:BC,2020-07-14 23:13:35.464963,b8ca6282-c662-11ea-8805-dca6322c42bb,1,1,1,-48,0
36,DC:A6:32:2C:42:BC,2020-07-14 23:13:36.028544,b8ca6282-c662-11ea-8805-dca6322c42bb,1,1,1,-54,0
37,DC:A6:32:2C:42:BC,2020-07-14 23:13:37.014798,b8ca6282-c662-11ea-8805-dca6322c42bb,1,1,1,-56,0
38,DC:A6:32:2C:42:BC,2020-07-14 23:13:38.029180,b8ca6282-c662-11ea-8805-dca6322c42bb,1,1,1,-54,0
39,DC:A6:32:2C:42:BC,2020-07-14 23:13:39.556282,b8ca6282-c662-11ea-8805-dca6322c42bb,1,1,1,-54,0
40,DC:A6:32:2C:42:BC,2020-07-14 23:13:40.002393,b8ca6282-c662-11ea-8805-dca6322c42bb,1,1,1,-54,0
41,DC:A6:32:2C:42:BC,2020-07-14 23:13:41.044855,b8ca6282-c662-11ea-8805-dca6322c42bb,1,1,1,-55,0
42,DC:A6:32:2C:42:BC,2020-07-14 23:13:42.226107,b8ca6282-c662-11ea-8805-dca6322c42bb,1,1,1,-52,0
43,DC:A6:32:2C:42:BC,2020-07-14 23:13:43.151727,b8ca6282-c662-11ea-8805-dca6322c42bb,1,1,1,-50,0
44,DC:A6:32:2C:42:BC,2020-07-14 23:13:44.057402,b8ca6282-c662-11ea-8805-dca6322c42bb,1,1,1,-51,0
45,DC:A6:32:2C:42:BC,2020-07-14 23:13:45.010766,b8ca6282-c662-11ea-8805-dca6322c42bb,1,1,1,-50,0
46,DC:A6:32:2C:42:BC,2020-07-14 23:13:46.148067,b8ca6282-c662-11ea-8805-dca6322c42bb,1,1,1,-51,0
47,DC:A6:32:2C:42:BC,2020-07-14 23:13:47.286234,b8ca6282-c662-11ea-8805-dca6322c42bb,1,1,1,-52,0
48,DC:A6:32:2C:42:BC,2020-07-14 23:13:48.101169,b8ca6282-c662-11ea-8805-dca6322c42bb,1,1,1,-47,0
49,DC:A6:32:2C:42:BC,2020-07-14 23:13:49.089311,b8ca6282-c662-11ea-8805-dca6322c42bb,1,1,1,-52,0
50,DC:A6:32:2C:42:BC,2020-07-14 23:13:50.025998,b8ca6282-c662-11ea-8805-dca6322c42bb,1,1,1,-56,0
51,DC:A6:32:2C:42:BC,2020-07-14 23:13:52.003727,b8ca6282-c662-11ea-8805-dca6322c42bb,1,1,1,-51,0
52,DC:A6:32:2C:42:BC,2020-07-14 23:13:53.195611,b8ca6282-c662-11ea-8805-dca6322c42bb,1,1,1,-49,0
53,DC:A6:32:2C:42:BC,2020-07-14 23:13:54.031275,b8ca6282-c662-11ea-8805-dca6322c42bb,1,1,1,-53,0
54,DC:A6:32:2C:42:BC,2020-07-14 23:13:55.166551,b8ca6282-c662-11ea-8805-dca6322c42bb,1,1,1,-54,0
55,DC:A6:32:2C:42:BC,2020-07-14 23:13:56.058834,b8ca6282-c662-11ea-8805-dca6322c42bb,1,1,1,-54,0
56,DC:A6:32:2C:42:BC,2020-07-14 23:13:57.014473,b8ca6282-c662-11ea-8805-dca6322c42bb,1,1,1,-57,0
57,DC:A6:32:2C:42:BC,2020-07-14 23:13:58.286406,b8ca6282-c662-11ea-8805-dca6322c42bb,1,1,1,-59,0
58,DC:A6:32:2C:42:BC,2020-07-14 23:13:59.075120,b8ca6282-c662-11ea-8805-dca6322c42bb,1,1,1,-58,0
59,DC:A6:32:2C:42:BC,2020-07-14 23:14:00.142813,b8ca6282-c662-11ea-8805-dca6322c42bb,1,1,1,-55,0
0,DC:A6:32:2C:42:BC,2020-07-12 00:41:18.182600,8b38b4b8-c572-11ea-a082-dca6322c42bb,1,1,1,-70,1
2,DC:A6:32:2C:42:BC,2020-07-12 00:41:19.096362,8b38b4b8-c572-11ea-a082-dca6322c42bb,1,1,1,-71,1
5,DC:A6:32:2C:42:BC,2020-07-12 00:41:20.273887,8b38b4b8-c572-11ea-a082-dca6322c42bb,1,1,1,-75,1
6,DC:A6:32:2C:42:BC,2020-07-12 00:41:21.192573,8b38b4b8-c572-11ea-a082-dca6322c42bb,1,1,1,-79,1
8,DC:A6:32:2C:42:BC,2020-07-12 00:41:22.150171,8b38b4b8-c572-11ea-a082-dca6322c42bb,1,1,1,-80,1
11,DC:A6:32:2C:42:BC,2020-07-12 00:41:23.070674,8b38b4b8-c572-11ea-a082-dca6322c42bb,1,1,1,-75,1
12,DC:A6:32:2C:42:BC,2020-07-12 00:41:24.203303,8b38b4b8-c572-11ea-a082-dca6322c42bb,1,1,1,-71,1
13,DC:A6:32:2C:42:BC,2020-07-12 00:41:25.012588,8b38b4b8-c572-11ea-a082-dca6322c42bb,1,1,1,-71,1
14,DC:A6:32:2C:42:BC,2020-07-12 00:41:26.105796,8b38b4b8-c572-11ea-a082-dca6322c42bb,1,1,1,-76,1
17,DC:A6:32:2C:42:BC,2020-07-12 00:41:27.059586,8b38b4b8-c572-11ea-a082-dca6322c42bb,1,1,1,-74,1
19,DC:A6:32:2C:42:BC,2020-07-12 00:41:28.072650,8b38b4b8-c572-11ea-a082-dca6322c42bb,1,1,1,-75,1
21,DC:A6:32:2C:42:BC,2020-07-12 00:41:29.030113,8b38b4b8-c572-11ea-a082-dca6322c42bb,1,1,1,-71,1
22,DC:A6:32:2C:42:BC,2020-07-12 00:41:30.101446,8b38b4b8-c572-11ea-a082-dca6322c42bb,1,1,1,-68,1
23,DC:A6:32:2C:42:BC,2020-07-12 00:41:31.154575,8b38b4b8-c572-11ea-a082-dca6322c42bb,1,1,1,-69,1
25,DC:A6:32:2C:42:BC,2020-07-12 00:41:32.007192,8b38b4b8-c572-11ea-a082-dca6322c42bb,1,1,1,-66,1
26,DC:A6:32:2C:42:BC,2020-07-12 00:41:33.106470,8b38b4b8-c572-11ea-a082-dca6322c42bb,1,1,1,-70,1
29,DC:A6:32:2C:42:BC,2020-07-12 00:41:34.062715,8b38b4b8-c572-11ea-a082-dca6322c42bb,1,1,1,-84,1
30,DC:A6:32:2C:42:BC,2020-07-12 00:41:35.019053,8b38b4b8-c572-11ea-a082-dca6322c42bb,1,1,1,-64,1
32,DC:A6:32:2C:42:BC,2020-07-12 00:41:36.033997,8b38b4b8-c572-11ea-a082-dca6322c42bb,1,1,1,-58,1
34,DC:A6:32:2C:42:BC,2020-07-12 00:41:37.171523,8b38b4b8-c572-11ea-a082-dca6322c42bb,1,1,1,-63,1
37,DC:A6:32:2C:42:BC,2020-07-12 00:41:38.092826,8b38b4b8-c572-11ea-a082-dca6322c42bb,1,1,1,-69,1
38,DC:A6:32:2C:42:BC,2020-07-12 00:41:39.087784,8b38b4b8-c572-11ea-a082-dca6322c42bb,1,1,1,-70,1
40,DC:A6:32:2C:42:BC,2020-07-12 00:41:40.255356,8b38b4b8-c572-11ea-a082-dca6322c42bb,1,1,1,-71,1
42,DC:A6:32:2C:42:BC,2020-07-12 00:41:41.032799,8b38b4b8-c572-11ea-a082-dca6322c42bb,1,1,1,-70,1
43,DC:A6:32:2C:42:BC,2020-07-12 00:41:42.079797,8b38b4b8-c572-11ea-a082-dca6322c42bb,1,1,1,-67,1
44,DC:A6:32:2C:42:BC,2020-07-12 00:41:43.121572,8b38b4b8-c572-11ea-a082-dca6322c42bb,1,1,1,-75,1
46,DC:A6:32:2C:42:BC,2020-07-12 00:41:44.040369,8b38b4b8-c572-11ea-a082-dca6322c42bb,1,1,1,-84,1
47,DC:A6:32:2C:42:BC,2020-07-12 00:41:45.049134,8b38b4b8-c572-11ea-a082-dca6322c42bb,1,1,1,-81,1
49,DC:A6:32:2C:42:BC,2020-07-12 00:41:46.040371,8b38b4b8-c572-11ea-a082-dca6322c42bb,1,1,1,-88,1
51,DC:A6:32:2C:42:BC,2020-07-12 00:41:47.016664,8b38b4b8-c572-11ea-a082-dca6322c42bb,1,1,1,-83,1
52,DC:A6:32:2C:42:BC,2020-07-12 00:41:48.120367,8b38b4b8-c572-11ea-a082-dca6322c42bb,1,1,1,-83,1
54,DC:A6:32:2C:42:BC,2020-07-12 00:41:49.034826,8b38b4b8-c572-11ea-a082-dca6322c42bb,1,1,1,-81,1
57,DC:A6:32:2C:42:BC,2020-07-12 00:41:50.097382,8b38b4b8-c572-11ea-a082-dca6322c42bb,1,1,1,-80,1
59,DC:A6:32:2C:42:BC,2020-07-12 00:41:51.007990,8b38b4b8-c572-11ea-a082-dca6322c42bb,1,1,1,-76,1
61,DC:A6:32:2C:42:BC,2020-07-12 00:41:52.675629,8b38b4b8-c572-11ea-a082-dca6322c42bb,1,1,1,-89,1
63,DC:A6:32:2C:42:BC,2020-07-12 00:41:53.094224,8b38b4b8-c572-11ea-a082-dca6322c42bb,1,1,1,-76,1
65,DC:A6:32:2C:42:BC,2020-07-12 00:41:54.011673,8b38b4b8-c572-11ea-a082-dca6322c42bb,1,1,1,-82,1
66,DC:A6:32:2C:42:BC,2020-07-12 00:41:55.004888,8b38b4b8-c572-11ea-a082-dca6322c42bb,1,1,1,-73,1
68,DC:A6:32:2C:42:BC,2020-07-12 00:41:56.070557,8b38b4b8-c572-11ea-a082-dca6322c42bb,1,1,1,-72,1
70,DC:A6:32:2C:42:BC,2020-07-12 00:41:57.231827,8b38b4b8-c572-11ea-a082-dca6322c42bb,1,1,1,-71,1
71,DC:A6:32:2C:42:BC,2020-07-12 00:41:58.013599,8b38b4b8-c572-11ea-a082-dca6322c42bb,1,1,1,-71,1
72,DC:A6:32:2C:42:BC,2020-07-12 00:41:59.300517,8b38b4b8-c572-11ea-a082-dca6322c42bb,1,1,1,-68,1
73,DC:A6:32:2C:42:BC,2020-07-12 00:42:00.048020,8b38b4b8-c572-11ea-a082-dca6322c42bb,1,1,1,-68,1
74,DC:A6:32:2C:42:BC,2020-07-12 00:42:01.191853,8b38b4b8-c572-11ea-a082-dca6322c42bb,1,1,1,-64,1
75,DC:A6:32:2C:42:BC,2020-07-12 00:42:02.020726,8b38b4b8-c572-11ea-a082-dca6322c42bb,1,1,1,-59,1
76,DC:A6:32:2C:42:BC,2020-07-12 00:42:03.258132,8b38b4b8-c572-11ea-a082-dca6322c42bb,1,1,1,-55,1
77,DC:A6:32:2C:42:BC,2020-07-12 00:42:04.120737,8b38b4b8-c572-11ea-a082-dca6322c42bb,1,1,1,-61,1
79,DC:A6:32:2C:42:BC,2020-07-12 00:42:05.034514,8b38b4b8-c572-11ea-a082-dca6322c42bb,1,1,1,-66,1
81,DC:A6:32:2C:42:BC,2020-07-12 00:42:06.135692,8b38b4b8-c572-11ea-a082-dca6322c42bb,1,1,1,-71,1
83,DC:A6:32:2C:42:BC,2020-07-12 00:42:07.333200,8b38b4b8-c572-11ea-a082-dca6322c42bb,1,1,1,-67,1
85,DC:A6:32:2C:42:BC,2020-07-12 00:42:08.039446,8b38b4b8-c572-11ea-a082-dca6322c42bb,1,1,1,-70,1
87,DC:A6:32:2C:42:BC,2020-07-12 00:42:09.231896,8b38b4b8-c572-11ea-a082-dca6322c42bb,1,1,1,-68,1
88,DC:A6:32:2C:42:BC,2020-07-12 00:42:10.194415,8b38b4b8-c572-11ea-a082-dca6322c42bb,1,1,1,-66,1
90,DC:A6:32:2C:42:BC,2020-07-12 00:42:11.130664,8b38b4b8-c572-11ea-a082-dca6322c42bb,1,1,1,-70,1
91,DC:A6:32:2C:42:BC,2020-07-12 00:42:12.327083,8b38b4b8-c572-11ea-a082-dca6322c42bb,1,1,1,-67,1
92,DC:A6:32:2C:42:BC,2020-07-12 00:42:13.043871,8b38b4b8-c572-11ea-a082-dca6322c42bb,1,1,1,-70,1
93,DC:A6:32:2C:42:BC,2020-07-12 00:42:14.088288,8b38b4b8-c572-11ea-a082-dca6322c42bb,1,1,1,-71,1
95,DC:A6:32:2C:42:BC,2020-07-12 00:42:15.220718,8b38b4b8-c572-11ea-a082-dca6322c42bb,1,1,1,-69,1
97,DC:A6:32:2C:42:BC,2020-07-12 00:42:16.402070,8b38b4b8-c572-11ea-a082-dca6322c42bb,1,1,1,-71,1
100,DC:A6:32:2C:42:BC,2020-07-12 00:42:17.125098,8b38b4b8-c572-11ea-a082-dca6322c42bb,1,1,1,-82,1
102,DC:A6:32:2C:42:BC,2020-07-12 00:42:18.050114,8b38b4b8-c572-11ea-a082-dca6322c42bb,1,1,1,-82,1
0,DC:A6:32:2C:42:BC,2020-07-14 20:12:17.240102,b789e1be-c648-11ea-b22f-dca6322c42bb,1,1,1,-61,1
1,DC:A6:32:2C:42:BC,2020-07-14 20:12:18.583780,b789e1be-c648-11ea-b22f-dca6322c42bb,1,1,1,-71,1
2,DC:A6:32:2C:42:BC,2020-07-14 20:12:19.236243,b789e1be-c648-11ea-b22f-dca6322c42bb,1,1,1,-84,1
3,DC:A6:32:2C:42:BC,2020-07-14 20:12:20.089366,b789e1be-c648-11ea-b22f-dca6322c42bb,1,1,1,-80,1
4,DC:A6:32:2C:42:BC,2020-07-14 20:12:21.289305,b789e1be-c648-11ea-b22f-dca6322c42bb,1,1,1,-72,1
5,DC:A6:32:2C:42:BC,2020-07-14 20:12:22.038689,b789e1be-c648-11ea-b22f-dca6322c42bb,1,1,1,-67,1
6,DC:A6:32:2C:42:BC,2020-07-14 20:12:23.858744,b789e1be-c648-11ea-b22f-dca6322c42bb,1,1,1,-67,1
7,DC:A6:32:2C:42:BC,2020-07-14 20:12:24.016195,b789e1be-c648-11ea-b22f-dca6322c42bb,1,1,1,-72,1
8,DC:A6:32:2C:42:BC,2020-07-14 20:12:25.555087,b789e1be-c648-11ea-b22f-dca6322c42bb,1,1,1,-74,1
9,DC:A6:32:2C:42:BC,2020-07-14 20:12:26.008853,b789e1be-c648-11ea-b22f-dca6322c42bb,1,1,1,-72,1
10,DC:A6:32:2C:42:BC,2020-07-14 20:12:28.001929,b789e1be-c648-11ea-b22f-dca6322c42bb,1,1,1,-75,1
11,DC:A6:32:2C:42:BC,2020-07-14 20:12:29.008855,b789e1be-c648-11ea-b22f-dca6322c42bb,1,1,1,-71,1
12,DC:A6:32:2C:42:BC,2020-07-14 20:12:30.052674,b789e1be-c648-11ea-b22f-dca6322c42bb,1,1,1,-81,1
13,DC:A6:32:2C:42:BC,2020-07-14 20:12:31.126420,b789e1be-c648-11ea-b22f-dca6322c42bb,1,1,1,-86,1
14,DC:A6:32:2C:42:BC,2020-07-14 20:12:33.002749,b789e1be-c648-11ea-b22f-dca6322c42bb,1,1,1,-68,1
15,DC:A6:32:2C:42:BC,2020-07-14 20:12:34.155236,b789e1be-c648-11ea-b22f-dca6322c42bb,1,1,1,-64,1
16,DC:A6:32:2C:42:BC,2020-07-14 20:12:35.015243,b789e1be-c648-11ea-b22f-dca6322c42bb,1,1,1,-66,1
17,DC:A6:32:2C:42:BC,2020-07-14 20:12:37.019091,b789e1be-c648-11ea-b22f-dca6322c42bb,1,1,1,-61,1
18,DC:A6:32:2C:42:BC,2020-07-14 20:12:38.019685,b789e1be-c648-11ea-b22f-dca6322c42bb,1,1,1,-74,1
19,DC:A6:32:2C:42:BC,2020-07-14 20:12:39.204165,b789e1be-c648-11ea-b22f-dca6322c42bb,1,1,1,-65,1
20,DC:A6:32:2C:42:BC,2020-07-14 20:12:40.111765,b789e1be-c648-11ea-b22f-dca6322c42bb,1,1,1,-67,1
21,DC:A6:32:2C:42:BC,2020-07-14 20:12:41.479203,b789e1be-c648-11ea-b22f-dca6322c42bb,1,1,1,-67,1
22,DC:A6:32:2C:42:BC,2020-07-14 20:12:42.021722,b789e1be-c648-11ea-b22f-dca6322c42bb,1,1,1,-64,1
23,DC:A6:32:2C:42:BC,2020-07-14 20:12:44.036678,b789e1be-c648-11ea-b22f-dca6322c42bb,1,1,1,-64,1
24,DC:A6:32:2C:42:BC,2020-07-14 20:12:45.629352,b789e1be-c648-11ea-b22f-dca6322c42bb,1,1,1,-58,1
25,DC:A6:32:2C:42:BC,2020-07-14 20:12:46.025516,b789e1be-c648-11ea-b22f-dca6322c42bb,1,1,1,-58,1
26,DC:A6:32:2C:42:BC,2020-07-14 20:12:47.026802,b789e1be-c648-11ea-b22f-dca6322c42bb,1,1,1,-66,1
27,DC:A6:32:2C:42:BC,2020-07-14 20:12:48.004404,b789e1be-c648-11ea-b22f-dca6322c42bb,1,1,1,-67,1
28,DC:A6:32:2C:42:BC,2020-07-14 20:12:49.601291,b789e1be-c648-11ea-b22f-dca6322c42bb,1,1,1,-61,1
29,DC:A6:32:2C:42:BC,2020-07-14 20:12:50.005606,b789e1be-c648-11ea-b22f-dca6322c42bb,1,1,1,-65,1
30,DC:A6:32:2C:42:BC,2020-07-14 20:12:51.808252,b789e1be-c648-11ea-b22f-dca6322c42bb,1,1,1,-65,1
31,DC:A6:32:2C:42:BC,2020-07-14 20:12:52.005656,b789e1be-c648-11ea-b22f-dca6322c42bb,1,1,1,-69,1
32,DC:A6:32:2C:42:BC,2020-07-14 20:12:54.009511,b789e1be-c648-11ea-b22f-dca6322c42bb,1,1,1,-63,1
33,DC:A6:32:2C:42:BC,2020-07-14 20:12:55.187022,b789e1be-c648-11ea-b22f-dca6322c42bb,1,1,1,-66,1
34,DC:A6:32:2C:42:BC,2020-07-14 20:12:56.010152,b789e1be-c648-11ea-b22f-dca6322c42bb,1,1,1,-70,1
35,DC:A6:32:2C:42:BC,2020-07-14 20:12:57.149622,b789e1be-c648-11ea-b22f-dca6322c42bb,1,1,1,-68,1
36,DC:A6:32:2C:42:BC,2020-07-14 20:12:58.015862,b789e1be-c648-11ea-b22f-dca6322c42bb,1,1,1,-73,1
37,DC:A6:32:2C:42:BC,2020-07-14 20:13:00.019685,b789e1be-c648-11ea-b22f-dca6322c42bb,1,1,1,-79,1
38,DC:A6:32:2C:42:BC,2020-07-14 20:13:02.019821,b789e1be-c648-11ea-b22f-dca6322c42bb,1,1,1,-67,1
39,DC:A6:32:2C:42:BC,2020-07-14 20:13:03.157232,b789e1be-c648-11ea-b22f-dca6322c42bb,1,1,1,-76,1
40,DC:A6:32:2C:42:BC,2020-07-14 20:13:04.022286,b789e1be-c648-11ea-b22f-dca6322c42bb,1,1,1,-72,1
41,DC:A6:32:2C:42:BC,2020-07-14 20:13:05.030976,b789e1be-c648-11ea-b22f-dca6322c42bb,1,1,1,-70,1
42,DC:A6:32:2C:42:BC,2020-07-14 20:13:06.044771,b789e1be-c648-11ea-b22f-dca6322c42bb,1,1,1,-62,1
43,DC:A6:32:2C:42:BC,2020-07-14 20:13:07.499790,b789e1be-c648-11ea-b22f-dca6322c42bb,1,1,1,-70,1
44,DC:A6:32:2C:42:BC,2020-07-14 20:13:08.027283,b789e1be-c648-11ea-b22f-dca6322c42bb,1,1,1,-73,1
45,DC:A6:32:2C:42:BC,2020-07-14 20:13:10.027404,b789e1be-c648-11ea-b22f-dca6322c42bb,1,1,1,-69,1
46,DC:A6:32:2C:42:BC,2020-07-14 20:13:12.028640,b789e1be-c648-11ea-b22f-dca6322c42bb,1,1,1,-74,1
47,DC:A6:32:2C:42:BC,2020-07-14 20:13:13.104975,b789e1be-c648-11ea-b22f-dca6322c42bb,1,1,1,-71,1
48,DC:A6:32:2C:42:BC,2020-07-14 20:13:14.028679,b789e1be-c648-11ea-b22f-dca6322c42bb,1,1,1,-61,1
49,DC:A6:32:2C:42:BC,2020-07-14 20:13:15.171848,b789e1be-c648-11ea-b22f-dca6322c42bb,1,1,1,-59,1
50,DC:A6:32:2C:42:BC,2020-07-14 20:13:16.030039,b789e1be-c648-11ea-b22f-dca6322c42bb,1,1,1,-66,1
0,DC:A6:32:2C:42:BC,2020-07-14 23:00:35.455502,6b14b132-c65d-11ea-8d8d-dca6322c42bb,1,1,1,-69,1
1,DC:A6:32:2C:42:BC,2020-07-14 23:00:36.471993,6b14b132-c65d-11ea-8d8d-dca6322c42bb,1,1,1,-86,1
2,DC:A6:32:2C:42:BC,2020-07-14 23:00:38.476979,6b14b132-c65d-11ea-8d8d-dca6322c42bb,1,1,1,-70,1
3,DC:A6:32:2C:42:BC,2020-07-14 23:00:39.065773,6b14b132-c65d-11ea-8d8d-dca6322c42bb,1,1,1,-73,1
4,DC:A6:32:2C:42:BC,2020-07-14 23:00:40.240724,6b14b132-c65d-11ea-8d8d-dca6322c42bb,1,1,1,-73,1
5,DC:A6:32:2C:42:BC,2020-07-14 23:00:41.055723,6b14b132-c65d-11ea-8d8d-dca6322c42bb,1,1,1,-67,1
6,DC:A6:32:2C:42:BC,2020-07-14 23:00:42.908086,6b14b132-c65d-11ea-8d8d-dca6322c42bb,1,1,1,-69,1
7,DC:A6:32:2C:42:BC,2020-07-14 23:00:43.008625,6b14b132-c65d-11ea-8d8d-dca6322c42bb,1,1,1,-77,1
8,DC:A6:32:2C:42:BC,2020-07-14 23:00:44.062753,6b14b132-c65d-11ea-8d8d-dca6322c42bb,1,1,1,-80,1
9,DC:A6:32:2C:42:BC,2020-07-14 23:00:45.411850,6b14b132-c65d-11ea-8d8d-dca6322c42bb,1,1,1,-69,1
10,DC:A6:32:2C:42:BC,2020-07-14 23:00:46.626751,6b14b132-c65d-11ea-8d8d-dca6322c42bb,1,1,1,-83,1
11,DC:A6:32:2C:42:BC,2020-07-14 23:00:47.044171,6b14b132-c65d-11ea-8d8d-dca6322c42bb,1,1,1,-77,1
12,DC:A6:32:2C:42:BC,2020-07-14 23:00:48.062949,6b14b132-c65d-11ea-8d8d-dca6322c42bb,1,1,1,-77,1
13,DC:A6:32:2C:42:BC,2020-07-14 23:00:49.570038,6b14b132-c65d-11ea-8d8d-dca6322c42bb,1,1,1,-82,1
14,DC:A6:32:2C:42:BC,2020-07-14 23:00:50.028000,6b14b132-c65d-11ea-8d8d-dca6322c42bb,1,1,1,-78,1
15,DC:A6:32:2C:42:BC,2020-07-14 23:00:51.124138,6b14b132-c65d-11ea-8d8d-dca6322c42bb,1,1,1,-79,1
16,DC:A6:32:2C:42:BC,2020-07-14 23:00:52.204098,6b14b132-c65d-11ea-8d8d-dca6322c42bb,1,1,1,-84,1
17,DC:A6:32:2C:42:BC,2020-07-14 23:00:53.220339,6b14b132-c65d-11ea-8d8d-dca6322c42bb,1,1,1,-81,1
18,DC:A6:32:2C:42:BC,2020-07-14 23:00:54.344062,6b14b132-c65d-11ea-8d8d-dca6322c42bb,1,1,1,-89,1
19,DC:A6:32:2C:42:BC,2020-07-14 23:00:55.996645,6b14b132-c65d-11ea-8d8d-dca6322c42bb,1,1,1,-80,1
20,DC:A6:32:2C:42:BC,2020-07-14 23:00:56.005293,6b14b132-c65d-11ea-8d8d-dca6322c42bb,1,1,1,-76,1
21,DC:A6:32:2C:42:BC,2020-07-14 23:00:57.076553,6b14b132-c65d-11ea-8d8d-dca6322c42bb,1,1,1,-73,1
22,DC:A6:32:2C:42:BC,2020-07-14 23:00:58.002752,6b14b132-c65d-11ea-8d8d-dca6322c42bb,1,1,1,-72,1
23,DC:A6:32:2C:42:BC,2020-07-14 23:00:59.277742,6b14b132-c65d-11ea-8d8d-dca6322c42bb,1,1,1,-75,1
24,DC:A6:32:2C:42:BC,2020-07-14 23:01:00.029728,6b14b132-c65d-11ea-8d8d-dca6322c42bb,1,1,1,-73,1
25,DC:A6:32:2C:42:BC,2020-07-14 23:01:01.182960,6b14b132-c65d-11ea-8d8d-dca6322c42bb,1,1,1,-81,1
26,DC:A6:32:2C:42:BC,2020-07-14 23:01:02.004099,6b14b132-c65d-11ea-8d8d-dca6322c42bb,1,1,1,-85,1
27,DC:A6:32:2C:42:BC,2020-07-14 23:01:03.282768,6b14b132-c65d-11ea-8d8d-dca6322c42bb,1,1,1,-77,1
28,DC:A6:32:2C:42:BC,2020-07-14 23:01:04.007906,6b14b132-c65d-11ea-8d8d-dca6322c42bb,1,1,1,-94,1
29,DC:A6:32:2C:42:BC,2020-07-14 23:01:05.805261,6b14b132-c65d-11ea-8d8d-dca6322c42bb,1,1,1,-75,1
30,DC:A6:32:2C:42:BC,2020-07-14 23:01:06.037661,6b14b132-c65d-11ea-8d8d-dca6322c42bb,1,1,1,-84,1
31,DC:A6:32:2C:42:BC,2020-07-14 23:01:07.016462,6b14b132-c65d-11ea-8d8d-dca6322c42bb,1,1,1,-79,1
32,DC:A6:32:2C:42:BC,2020-07-14 23:01:08.520218,6b14b132-c65d-11ea-8d8d-dca6322c42bb,1,1,1,-81,1
33,DC:A6:32:2C:42:BC,2020-07-14 23:01:09.172631,6b14b132-c65d-11ea-8d8d-dca6322c42bb,1,1,1,-88,1
34,DC:A6:32:2C:42:BC,2020-07-14 23:01:10.875208,6b14b132-c65d-11ea-8d8d-dca6322c42bb,1,1,1,-84,1
35,DC:A6:32:2C:42:BC,2020-07-14 23:01:11.053825,6b14b132-c65d-11ea-8d8d-dca6322c42bb,1,1,1,-79,1
36,DC:A6:32:2C:42:BC,2020-07-14 23:01:12.025123,6b14b132-c65d-11ea-8d8d-dca6322c42bb,1,1,1,-89,1
37,DC:A6:32:2C:42:BC,2020-07-14 23:01:13.466357,6b14b132-c65d-11ea-8d8d-dca6322c42bb,1,1,1,-78,1
38,DC:A6:32:2C:42:BC,2020-07-14 23:01:14.022626,6b14b132-c65d-11ea-8d8d-dca6322c42bb,1,1,1,-77,1
39,DC:A6:32:2C:42:BC,2020-07-14 23:01:15.086398,6b14b132-c65d-11ea-8d8d-dca6322c42bb,1,1,1,-80,1
40,DC:A6:32:2C:42:BC,2020-07-14 23:01:16.022561,6b14b132-c65d-11ea-8d8d-dca6322c42bb,1,1,1,-77,1
41,DC:A6:32:2C:42:BC,2020-07-14 23:01:17.658219,6b14b132-c65d-11ea-8d8d-dca6322c42bb,1,1,1,-87,1
42,DC:A6:32:2C:42:BC,2020-07-14 23:01:18.022561,6b14b132-c65d-11ea-8d8d-dca6322c42bb,1,1,1,-79,1
43,DC:A6:32:2C:42:BC,2020-07-14 23:01:20.027575,6b14b132-c65d-11ea-8d8d-dca6322c42bb,1,1,1,-78,1
44,DC:A6:32:2C:42:BC,2020-07-14 23:01:21.392569,6b14b132-c65d-11ea-8d8d-dca6322c42bb,1,1,1,-80,1
45,DC:A6:32:2C:42:BC,2020-07-14 23:01:23.173765,6b14b132-c65d-11ea-8d8d-dca6322c42bb,1,1,1,-83,1
46,DC:A6:32:2C:42:BC,2020-07-14 23:01:25.178816,6b14b132-c65d-11ea-8d8d-dca6322c42bb,1,1,1,-74,1
47,DC:A6:32:2C:42:BC,2020-07-14 23:01:26.656244,6b14b132-c65d-11ea-8d8d-dca6322c42bb,1,1,1,-86,1
48,DC:A6:32:2C:42:BC,2020-07-14 23:01:27.353762,6b14b132-c65d-11ea-8d8d-dca6322c42bb,1,1,1,-73,1
49,DC:A6:32:2C:42:BC,2020-07-14 23:01:28.037455,6b14b132-c65d-11ea-8d8d-dca6322c42bb,1,1,1,-72,1
50,DC:A6:32:2C:42:BC,2020-07-14 23:01:29.204954,6b14b132-c65d-11ea-8d8d-dca6322c42bb,1,1,1,-66,1
51,DC:A6:32:2C:42:BC,2020-07-14 23:01:31.210060,6b14b132-c65d-11ea-8d8d-dca6322c42bb,1,1,1,-66,1
52,DC:A6:32:2C:42:BC,2020-07-14 23:01:32.043689,6b14b132-c65d-11ea-8d8d-dca6322c42bb,1,1,1,-69,1
53,DC:A6:32:2C:42:BC,2020-07-14 23:01:34.046363,6b14b132-c65d-11ea-8d8d-dca6322c42bb,1,1,1,-65,1
54,DC:A6:32:2C:42:BC,2020-07-14 23:01:35.117519,6b14b132-c65d-11ea-8d8d-dca6322c42bb,1,1,1,-82,1
0,DC:A6:32:2C:42:BC,2020-07-14 23:19:22.088955,b8ca6282-c662-11ea-8805-dca6322c42bb,1,1,1,-79,1
1,DC:A6:32:2C:42:BC,2020-07-14 23:19:23.124191,b8ca6282-c662-11ea-8805-dca6322c42bb,1,1,1,-61,1
2,DC:A6:32:2C:42:BC,2020-07-14 23:19:24.169716,b8ca6282-c662-11ea-8805-dca6322c42bb,1,1,1,-54,1
3,DC:A6:32:2C:42:BC,2020-07-14 23:19:25.248444,b8ca6282-c662-11ea-8805-dca6322c42bb,1,1,1,-56,1
4,DC:A6:32:2C:42:BC,2020-07-14 23:19:26.072386,b8ca6282-c662-11ea-8805-dca6322c42bb,1,1,1,-69,1
5,DC:A6:32:2C:42:BC,2020-07-14 23:19:27.022356,b8ca6282-c662-11ea-8805-dca6322c42bb,1,1,1,-71,1
6,DC:A6:32:2C:42:BC,2020-07-14 23:19:28.202372,b8ca6282-c662-11ea-8805-dca6322c42bb,1,1,1,-65,1
7,DC:A6:32:2C:42:BC,2020-07-14 23:19:29.004144,b8ca6282-c662-11ea-8805-dca6322c42bb,1,1,1,-68,1
8,DC:A6:32:2C:42:BC,2020-07-14 23:19:30.019780,b8ca6282-c662-11ea-8805-dca6322c42bb,1,1,1,-71,1
9,DC:A6:32:2C:42:BC,2020-07-14 23:19:31.219945,b8ca6282-c662-11ea-8805-dca6322c42bb,1,1,1,-65,1
10,DC:A6:32:2C:42:BC,2020-07-14 23:19:32.269939,b8ca6282-c662-11ea-8805-dca6322c42bb,1,1,1,-75,1
11,DC:A6:32:2C:42:BC,2020-07-14 23:19:33.393612,b8ca6282-c662-11ea-8805-dca6322c42bb,1,1,1,-80,1
12,DC:A6:32:2C:42:BC,2020-07-14 23:19:34.085534,b8ca6282-c662-11ea-8805-dca6322c42bb,1,1,1,-82,1
13,DC:A6:32:2C:42:BC,2020-07-14 23:19:35.394907,b8ca6282-c662-11ea-8805-dca6322c42bb,1,1,1,-71,1
14,DC:A6:32:2C:42:BC,2020-07-14 23:19:36.128803,b8ca6282-c662-11ea-8805-dca6322c42bb,1,1,1,-77,1
15,DC:A6:32:2C:42:BC,2020-07-14 23:19:37.091152,b8ca6282-c662-11ea-8805-dca6322c42bb,1,1,1,-74,1
16,DC:A6:32:2C:42:BC,2020-07-14 23:19:38.157402,b8ca6282-c662-11ea-8805-dca6322c42bb,1,1,1,-75,1
17,DC:A6:32:2C:42:BC,2020-07-14 23:19:39.014248,b8ca6282-c662-11ea-8805-dca6322c42bb,1,1,1,-75,1
18,DC:A6:32:2C:42:BC,2020-07-14 23:19:40.091315,b8ca6282-c662-11ea-8805-dca6322c42bb,1,1,1,-83,1
19,DC:A6:32:2C:42:BC,2020-07-14 23:19:41.022586,b8ca6282-c662-11ea-8805-dca6322c42bb,1,1,1,-87,1
20,DC:A6:32:2C:42:BC,2020-07-14 23:19:42.072527,b8ca6282-c662-11ea-8805-dca6322c42bb,1,1,1,-80,1
21,DC:A6:32:2C:42:BC,2020-07-14 23:19:43.024344,b8ca6282-c662-11ea-8805-dca6322c42bb,1,1,1,-82,1
22,DC:A6:32:2C:42:BC,2020-07-14 23:19:44.217639,b8ca6282-c662-11ea-8805-dca6322c42bb,1,1,1,-79,1
23,DC:A6:32:2C:42:BC,2020-07-14 23:19:45.106270,b8ca6282-c662-11ea-8805-dca6322c42bb,1,1,1,-90,1
24,DC:A6:32:2C:42:BC,2020-07-14 23:19:46.743942,b8ca6282-c662-11ea-8805-dca6322c42bb,1,1,1,-79,1
25,DC:A6:32:2C:42:BC,2020-07-14 23:19:47.033769,b8ca6282-c662-11ea-8805-dca6322c42bb,1,1,1,-76,1
26,DC:A6:32:2C:42:BC,2020-07-14 23:19:48.024436,b8ca6282-c662-11ea-8805-dca6322c42bb,1,1,1,-73,1
27,DC:A6:32:2C:42:BC,2020-07-14 23:19:49.097543,b8ca6282-c662-11ea-8805-dca6322c42bb,1,1,1,-74,1
28,DC:A6:32:2C:42:BC,2020-07-14 23:19:50.291337,b8ca6282-c662-11ea-8805-dca6322c42bb,1,1,1,-66,1
29,DC:A6:32:2C:42:BC,2020-07-14 23:19:51.004624,b8ca6282-c662-11ea-8805-dca6322c42bb,1,1,1,-64,1
30,DC:A6:32:2C:42:BC,2020-07-14 23:19:52.020117,b8ca6282-c662-11ea-8805-dca6322c42bb,1,1,1,-60,1
31,DC:A6:32:2C:42:BC,2020-07-14 23:19:53.030328,b8ca6282-c662-11ea-8805-dca6322c42bb,1,1,1,-57,1
32,DC:A6:32:2C:42:BC,2020-07-14 23:19:54.311416,b8ca6282-c662-11ea-8805-dca6322c42bb,1,1,1,-58,1
33,DC:A6:32:2C:42:BC,2020-07-14 23:19:55.057650,b8ca6282-c662-11ea-8805-dca6322c42bb,1,1,1,-61,1
34,DC:A6:32:2C:42:BC,2020-07-14 23:19:56.227802,b8ca6282-c662-11ea-8805-dca6322c42bb,1,1,1,-59,1
35,DC:A6:32:2C:42:BC,2020-07-14 23:19:57.030777,b8ca6282-c662-11ea-8805-dca6322c42bb,1,1,1,-66,1
36,DC:A6:32:2C:42:BC,2020-07-14 23:19:58.505188,b8ca6282-c662-11ea-8805-dca6322c42bb,1,1,1,-64,1
37,DC:A6:32:2C:42:BC,2020-07-14 23:19:59.030226,b8ca6282-c662-11ea-8805-dca6322c42bb,1,1,1,-70,1
38,DC:A6:32:2C:42:BC,2020-07-14 23:20:00.024023,b8ca6282-c662-11ea-8805-dca6322c42bb,1,1,1,-69,1
39,DC:A6:32:2C:42:BC,2020-07-14 23:20:01.076718,b8ca6282-c662-11ea-8805-dca6322c42bb,1,1,1,-64,1
40,DC:A6:32:2C:42:BC,2020-07-14 23:20:02.145306,b8ca6282-c662-11ea-8805-dca6322c42bb,1,1,1,-67,1
41,DC:A6:32:2C:42:BC,2020-07-14 23:20:03.564089,b8ca6282-c662-11ea-8805-dca6322c42bb,1,1,1,-75,1
42,DC:A6:32:2C:42:BC,2020-07-14 23:20:04.169025,b8ca6282-c662-11ea-8805-dca6322c42bb,1,1,1,-66,1
43,DC:A6:32:2C:42:BC,2020-07-14 23:20:05.031588,b8ca6282-c662-11ea-8805-dca6322c42bb,1,1,1,-77,1
44,DC:A6:32:2C:42:BC,2020-07-14 23:20:06.171714,b8ca6282-c662-11ea-8805-dca6322c42bb,1,1,1,-92,1
45,DC:A6:32:2C:42:BC,2020-07-14 23:20:07.061628,b8ca6282-c662-11ea-8805-dca6322c42bb,1,1,1,-78,1
46,DC:A6:32:2C:42:BC,2020-07-14 23:20:08.310416,b8ca6282-c662-11ea-8805-dca6322c42bb,1,1,1,-63,1
47,DC:A6:32:2C:42:BC,2020-07-14 23:20:09.543489,b8ca6282-c662-11ea-8805-dca6322c42bb,1,1,1,-64,1
48,DC:A6:32:2C:42:BC,2020-07-14 23:20:10.020386,b8ca6282-c662-11ea-8805-dca6322c42bb,1,1,1,-63,1
49,DC:A6:32:2C:42:BC,2020-07-14 23:20:11.103064,b8ca6282-c662-11ea-8805-dca6322c42bb,1,1,1,-72,1
50,DC:A6:32:2C:42:BC,2020-07-14 23:20:12.094172,b8ca6282-c662-11ea-8805-dca6322c42bb,1,1,1,-81,1
51,DC:A6:32:2C:42:BC,2020-07-14 23:20:13.104132,b8ca6282-c662-11ea-8805-dca6322c42bb,1,1,1,-83,1
52,DC:A6:32:2C:42:BC,2020-07-14 23:20:14.124152,b8ca6282-c662-11ea-8805-dca6322c42bb,1,1,1,-77,1
53,DC:A6:32:2C:42:BC,2020-07-14 23:20:15.039139,b8ca6282-c662-11ea-8805-dca6322c42bb,1,1,1,-73,1
54,DC:A6:32:2C:42:BC,2020-07-14 23:20:17.044406,b8ca6282-c662-11ea-8805-dca6322c42bb,1,1,1,-62,1
55,DC:A6:32:2C:42:BC,2020-07-14 23:20:18.246173,b8ca6282-c662-11ea-8805-dca6322c42bb,1,1,1,-67,1
56,DC:A6:32:2C:42:BC,2020-07-14 23:20:19.126813,b8ca6282-c662-11ea-8805-dca6322c42bb,1,1,1,-64,1
57,DC:A6:32:2C:42:BC,2020-07-14 23:20:20.144943,b8ca6282-c662-11ea-8805-dca6322c42bb,1,1,1,-62,1
58,DC:A6:32:2C:42:BC,2020-07-14 23:20:21.011912,b8ca6282-c662-11ea-8805-dca6322c42bb,1,1,1,-63,1
59,DC:A6:32:2C:42:BC,2020-07-14 23:20:22.050545,b8ca6282-c662-11ea-8805-dca6322c42bb,1,1,1,-73,1
